VM,Tipo / Valores,Quais?,Variável 2017,Variável SNAS,Variável 2016,Variável SNAS,Variável 2015,Variável SNAS,Variável 2014,Variável SNAS,Variável 2013,Variável SNAS,Variável 2012,Variável SNAS,Variável 2011,Variável SNAS
90000,,,10345,,10345,,10345,ident_1,8096,ident_1,,ident_1,4644,Ident_1,4644,Ident_1
90100,,,10346,,10346,,10346,ident_2,8097,ident_2,,ident_2,4645,Ident_2,4645,Ident_2
90200,,,10347,,10347,,10347,ident_3,8098,ident_3,,ident_3,4646,Ident_3,4646,Ident_3
100000,,,10348,,10348,,10348,ident_4,9222,ident_4,,ident_4,4647,Ident_4,4647,Ident_4
100100,,,10349,,10349,,10349,ident_5,8099,ident_5,,ident_5,4648,Ident_5,4648,Ident_5
100200,,,10350,,10350,,10350,ident_6,8100,ident_6,,ident_6,4649,Ident_6,4649,Ident_6
100300,,,10351,,10351,,10351,ident_7,8101,ident_7,,ident_7,4650,Ident_7,4650,Ident_7
100400,,,10352,,10352,,10352,ident_8,8102,ident_8,,ident_8,4651,Ident_8,4651,Ident_8
100500,,,10353,,10353,,10353,ident_9,8103,ident_9,,ident_9,4652,Ident_9,4652,Ident_9
100600,,,10354,,10354,,10354,ident_10,8104,ident_10,,ident_10,4653,Ident_10,4653,Ident_10
100700,,,10356,,10356,,10356,ident_12,8106,ident_12,,ident_12,4654,,4654,Ident_12
100800,,,10355,,10355,,10355,,8105,,,,4657,,4657,Ident_11
100900,,,10357,,10357,,10357,ident_13,8107,ident_13,,ident_13,4655,,4655,Ident_13
101000,,,10358,,10358,,10358,ident_14,8108,ident_14,,ident_14,4656,,4656,Ident_14
101100,,,10359,,10359,,10359,ident_15,8109,ident_15,4658,ident_15,4658,Ident_15,4658,Ident_15
101300,"1 - Urbano Central
2 - Urbano Periférico
3 - Rural
",Múltipla Escolha,10360,q1,10360,q1,10360,q1,8110,q1,4659,q1,4659,q1,4659,q1
101400,,Binário,10361,q2,10361,q2,10361,q2,8111,q2,4660,q2,4660,q2,4660,q2
101500,"Recursos municipais ou do governo do DF
Recursos estaduais
Recursos federais",Vários Valores,**,**,**,**,**,**,**,**,4661,"q3_1
q3_2
q3_3",4661,"q3_1
q3_2
q3_3",4661,"q3_1
q3_2
q3_3"
101600,"1 - 1 dia por semana
2 - 2 dias por semana
3 - 3 dias por semana
4 - 4 dias por semana
5 - 5 dias por semana
6 - 6 dias por semana
7 - 7 dias por semana",Múltipla Escolha,10362,q3.1,10362,q3_1,10362,q3_1,9223,q3_1,4662,q4_1,4662,q4_1,4662,q4a
101700,"1 - 1 hora por dia
2 - 2 horas por dia
3 - 3 horas por dia
4 - 4 horas por dia
5 - 5 horas por dia
6 - 6 horas por dia
7 - 7 horas por dia
8 - 8 horas por dia
9 - 9 horas por dia
10 - 10 horas por dia
11 - 11 horas por dia
12 - 12 horas por dia
13 - 13 horas por dia
14 - 14 horas por dia
15 - 15 horas por dia
16 - 16 horas por dia
17 - 17 horas por dia
18 - 18 horas por dia
19 - 19 horas por dia
20 - 20 horas por dia
21 - 21 horas por dia
22 - 22 horas por dia
23 - 23 horas por dia
24 - 24 horas por dia",Múltipla Escolha,**,q3.2,10363,q3_2,10363,q3_2,8113,q3_2,4663,q4_2,4663,q4_2,4663,q4b
BLOCO 2 – ESTRUTURA FÍSICA DO CRAS,,,,,,,,,,,,,,,,
101800,"1 - Próprio
2 - Alugado
3 - Cedido",Múltipla Escolha,10364,q4,10364,q4,10364,q4,8114,q4,v4664,q5,4676,q5,4676,q5
101900,,Binário,10365,q5,10365,q5,10365,q5,8115,q5,4677,q6,4677,q6,4677,q6
102000,"1 - Secretaria da Assistência Social ou congênere
2 - Outra unidade administrativa (Sede de Prefeitura, Administração Regional, Sub-prefeitura, etc)
3 - Conselho Municipal de Assistência Social
4 - Conselho Tutelar
5 - CREAS ? Centro de Referência Especializado de Assistência Social
6 - Outra unidade pública de serviços da Assistência Social
7 - Unidade de Saúde
8 - Escola
9 - Associação Comunitária
10 - Entidades privadas/ONG
99 - Outros
",Vários Valores,10367,"q6_1
q6_2
q6_3
q6_4
q6_5
q6_6
q6_7
q6_8
q6_9
q6_10
q6_11
q6_12
q6_99",10367,"q6_1
q6_2
q6_3
q6_4
q6_5
q6_6
q6_7
q6_8
q6_9
q6_10
q6_11
q6_12
q6_99",10367,"q6_1
q6_2
q6_3
q6_4
q6_5
q6_6
q6_7
q6_8
q6_9
q6_10
q6_99",8116,"q6_1
q6_2
q6_3
q6_4
q6_5
q6_6
q6_7
q6_8
q6_9
q6_10
q6_11",4678,"q7_1
q7_2
q7_3
q7_4
q7_5
q7_6
q7_7
q7_8
q7_9
q7_10
q7_11",4678,"q7_1
q7_2
q7_3
q7_4
q7_5
q7_6
q7_7
q7_8
q7_9
q7_10
q7_11",4678,"q7_1
q7_2
q7_3
q7_4
q7_5
q7_6
q7_7
q7_8
q7_9
q7_10
q7_11"
102100,,Quais?,10368,q6_qual,10368,q6_qual,10368,q6_qual,9224,q6_qual,,**,**,**,**,**
102200,"Múltipla escolha:
1 - Apenas o endereço é o mesmo, mas todos os espaços do CRAS são independentes e de uso exclusivo, inclusive a entrada
2 - Entrada / Porta de Acesso
3 - Recepção
4 - Cozinha
5 - Algumas salas de atendimento particularizado
6 - Todas as salas de atendimento particularizado
7 - Algumas salas de atendimento coletivo
8 - Todas as salas de atendimento coletivo
9 - Salas administrativas
10 - Banheiros
11 - Área Externa
12 - Almoxarifado ou similar",Múltipla Escolha,10369,"q7_1
q7_2
q7_3
q7_4
q7_5
q7_6
q7_7
q7_8
q7_9
q7_10
q7_11
q7_12",10369,"q7_1
q7_2
q7_3
q7_4
q7_5
q7_6
q7_7
q7_8
q7_9
q7_10
q7_11
q7_12",10369,"q7_1
q7_2
q7_3
q7_4
q7_5
q7_6
q7_7
q7_8
q7_9
q7_10
q7_11
q7_12",8117,"q7_1
q7_2
q7_3
q7_4
q7_5
q7_6
q7_7
q7_8
q7_9
q7_10
q7_11
q7_12",4679,"q8_1
q8_2
q8_3
q8_4
q8_5
q8_6
q8_7
q8_8
q8_9
q8_10",4679,"q8_1
q8_2
q8_3
q8_4
q8_5
q8_6
q8_7
q8_8
q8_9
q8_10",4679,"q8_1
q8_2
q8_3
q8_4
q8_5
q8_6
q8_7
q8_8
q8_9
q8_10"
102300,,Numérica,10370,q8_1,10370,q8_1,10370,q8_1,8118,q8a,4682,q9a,4682,q9a,4682,q9a
102400,,Numérica,10371,q8_2,10371,q8_2,10371,q8_2,8119,q8b,4683,q9b,4683,q9b,4683,q9b
102500,,Numérica,10372,q8_3,10372,q8_3,10372,q8_3,8120,q8c,4684,q9c,4684,q9c,4684,q9c
102600,,Numérica,10373,q8_4,10373,q8_4,10373,q8_4,8121,q8d,4686,q9d,4686,q9d,4686,q9d
102700,,Numérica,10374,q8_5,10374,q8_5,10374,q8_5,8122,q8e,4690,q9e,4690,q9e,"4690
",q9e
102800,,Numérica,10375,q8_6,10375,q8_6,10375,q8_6,8123,q8f,4692,q9f,4692,q9f,**,q9f
102900,,Binário,10376,q8_7,10376,q8_7,10376,q8_7,8124,q8g,4693,q9g,5233,q9g,5233,q9g
103000,,Binário,10377,q8_8,10377,q8_8,10377,q8_8,8125,q8h,4695,q9h,5234,q9h,5234,q9h
103100,,Binário,10378,q8_9,10378,q8_9,10378,q8_9,8126,q8i,4696,q9i,4696,q9i,,q9i
103200,,Binário,10379,q8_10,10379,q8_10,10379,q8_10,8127,q8j,4698,q9j,4698,q9j,4698,q9j
103300,,Múltipla Escolha,10380,q9.1,10380,q9_1,10380,q9_1,8128,q9a,4701,q10a,4701,q10a,4701,q10a
103400,,Múltipla Escolha,10381,q9.2,10381,q9_2,10381,q9_2,8129,q9b,4702,q10b,4702,q10b,4702,q10b
103500,,Múltipla Escolha,10382,q9.3,10382,q9_3,10382,q9_3,8130,q9c,4704,q10c,4704,q10c,4704,q10c
103600,,Múltipla Escolha,10383,q9.4,10383,q9_4,10383,q9_4,8131,q9d,4705,q10d,4705,q10d,4705,q10d
103700,"1 - Sim, suporte de profissional com conhecimento em LIBRAS
2 - Sim, suporte de material em braille
3 - Sim, suporte para leitores de telas de computador para pessoas com deficiência visual
4 - Sim, outras adaptações e tecnologias assistivas para deficiência física
5 - Sim, outras adaptações e tecnologias assistivas para deficiência intelectual e autismo
6 - Sim, pisos especiais com relevos para sinalização voltados pessoa com deficiência visual
0 - Não há outras adaptações",Vários Valores,"12572
","q10.1
q10.2
q10.3
q10.4
q10.5
q10.6
q10.7",**,**,**,**,**,**,**,**,5163,"q11_1
q11_2
q11_3",5163,"q11_1
q11_2
q11_3"
103800,,Quais?,12573,q10.4.qual,**,**,**,**,**,**,,**,**,**,**,**
103900,,Quais?,12574,q10.5.qual,**,**,**,**,**,**,,**,**,**,**,**
104000,"Múltipla escolha:
1 - Telefone de uso exclusivo
2 - Telefone de uso compartilhado
3 - Impressora
4 - Máquina copiadora
5 - Televisão (TV)
6 - Equipamento de som
7 - DVD/Vídeo Cassete
8 - Datashow
9 - Máquina fotográfica
10 - Filmadora
11 - Veículo de uso exclusivo
12 - Veículo de uso compartilhado
13 - Embarcação
14 - Acervo bibliográfico
15 - Brinquedoteca
16 - Brinquedos
17 - Materiais pedagógicos, culturais e esportivos
",Vários Valores,10384,"q11.1
q11.2
q11.3
q11.4
q11.5
q11.6
q11.7
q11.8
q11.9
q11.10
q11.11
q11.12
q11.13
q11.14
q11.15",10384,"q10_1
q10_2
q10_3
q10_4
q10_5
q10_6
q10_7
q10_8
q10_9
q10_10
q10_11
q10_12
q10_13
q10_14
q10_15
q10_16
q10_17",10384,"q10_1
q10_2
q10_3
q10_4
q10_5
q10_6
q10_7
q10_8
q10_9
q10_10
q10_11
q10_12
q10_13
q10_14
q10_15
q10_16
q10_17
q10_18",8135,"q10_1
q10_2
q10_3
q10_4
q10_5
q10_6
q10_7
q10_8
q10_9
q10_10
q10_11
q10_12
q10_13
q10_14
q10_15
q10_16
q10_17
q10_18",8135,"q11_1
q11_2
q11_3
q11_4
q11_5
q11_6
q11_7
q11_8
q11_9
q11_10
q11_11
q11_12
q11_13
q11_14
q11_15
q11_16
q11_17
q11_18",4707,"q12_1
q12_2
q12_3
q12_4
q12_5
q12_6
q12_7
q12_8
q12_9
q12_10
q12_11
q12_12
q12_13
q12_14
q12_15
q12_16
q12_17",4707,"q12_1
q12_2
q12_3
q12_4
q12_5
q12_6
q12_7
q12_8
q12_9
q12_10
q12_11
q12_12
q12_13
q12_14
q12_15
q12_16
q12_17"
104100, q12.1 Quantidade total de computadores na unidade:,Numérica,10385,q12.1,10385,q11_1,10385,q11_1,8136,q11_1,6352,q12_1,6352,q13a,,q13a
104200," q12.2 Destes, quantos est?o conectados ? internet?",Numérica,10386,q12.2,10386,q11_2,10386,q11_2,8137,q11_2,4714,q12_2,4714,q13b,4714,q13b
104300,,,**,**,**,**,**,**,8138,q12_1,4715,q13_1,4715,q14a,4715,q13c
104400,,,**,**,**,**,**,**,8140,q12_2,6351,q13_2,6351,q14b,**,**
104500,,,**,**,**,**,**,**,**,**,**,**,**,**,4719,"q14_1
q14_2
q14_3
q14_4
q14_5
q14_6"
104600,,Múltipla Escolha,10387,q13,10387,q12,10387,q12,8141,q13,4730,q14,4730,q15,4730,q15
,,,BLOCO 3 – SERVIÇO DE PROTEÇÃO E ATENDIMENTO INTEGRAL À FAMÍLIA (PAIF),,,,,,,,BLOCO 3 – CARACTERIZAÇÃO DOS SERVIÇOS E BENEFÍCIOS OFERTADOS NESTE CRAS,,,,,
104800,"Múltipla escolha:
1 - Acolhida em Grupo realizada por profissional de nível superior
2 - Acolhida Particularizada realizada por técnico de nível superior
3 - Acompanhamento de famílias
4 - Acompanhamento dos encaminhamentos realizados
5 - Atendimento particularizado de famílias ou indivíduos
6 - Registro do acompanhamento familiar em prontuário
7 - Elaboração do Plano de Acompanhamento Familiar
8 - Grupo/oficina com famílias
9 - Visitas Domiciliares
10 - Palestras
11 - Campanhas ou eventos comunitários
12 - Apoio para obtenção de Documentação pessoal
13 - Orientação/acompanhamento para inserção no BPC
14 - Encaminhamento de famílias ou indivíduos para a rede de serviço socioassistencial
15 - Encaminhamento de famílias ou indivíduos para outras políticas públicas (educação, habitação, trabalho, etc.)
16 - Encaminhamento para obtenção de Benefícios Eventuais
17 - Encaminhamento para inserção/atualização de famílias no Cadastro Único
",Vários Valores,10533,"q14.1
q14.2
q14.3
q14.4
q14.5
q14.6
q14.7
q14.8
q14.9
q14.10
q14.11
q14.12
q14.13
q14.14
q14.15
q14.16
",10533,"q13_1
q13_2
q13_3
q13_4
q13_5
q13_6
q13_7
q13_8
q13_9
q13_10
q13_11
q13_12
q13_13
q13_14
q13_15
q13_16
q13_17",10533,"q13_1
q13_2
q13_3
q13_4
q13_5
q13_6
q13_7
q13_8
q13_9
q13_10
q13_11
q13_12
q13_13
q13_14
q13_15
q13_16
q13_17",8141,"q14_1
q14_2
q14_3
q14_4
q14_5
q14_6
q14_7
q14_8
q14_9
q14_10
q14_11
q14_12
q14_13
q14_14
q14_15
q14_16
q14_17
q14_18
q14_19
q14_20
q14_21
q14_22",8142,"q15_1
q15_2
q15_3
q15_4
q15_5
q15_6
q15_7
q15_8
q15_9
q15_10
q15_11
q15_12
q15_13
q15_14
q15_15
q15_16
q15_17
q15_18
q15_19
q15_20
q15_21
q15_22",4665,"q16_1
q16_2
q16_3
q16_4
q16_5
q16_6
q16_7
q16_8
q16_9
q16_10
q16_11
q16_12
q16_13
q16_14
q16_15
q16_16
q16_17
q16_18
q16_19",4665,"q16_1
q16_2
q16_3
q16_4
q16_5
q16_6
q16_7
q16_8
q16_9
q16_10
q16_11
q16_12
q16_13
q16_14
q16_15
q16_16
q16_17
q16_18
q16_19"
105000,,,10388,q15.1,10388,q14_1,10388,q14_1,8143,q15a,8143,q16_1a,4666,q17_1a,4666,q17_1a
105100,,,10389,q15.2,10389,q14_2,10389,q14_2,8144,q15b,8144,q16_1b,4667,q17_1b,4667,q17_1b
105200,,,**,**,**,**,**,**,**,**,**,**,**,**,**,**
105300,,,**,**,**,**,**,**,**,**,**,**,**,**,**,**
105400,,,**,**,**,**,**,**,**,**,8145,q16_2a,4675,q17_2a,4675,q17_2a
105500,,,**,**,**,**,**,**,**,**,8147,q16_2b,5164,q17_2b,5164,q17_2b
105600,,,**,**,**,**,**,**,**,**,8148,q16_2c,5165,q17_2c,5165,q17_2c
105700,,,**,**,**,**,**,**,**,**,8149,q16_2d,5166,q17_2d,5166,q17_2d
105800,,,**,**,**,**,**,**,**,**,8151,q16_2e,5167,q17_2e,5167,q17_2e
105900,,,**,**,**,**,**,**,**,**,8153,q16_2f,5168,q17_2f,5168,q17_2f
106000,,,**,**,**,**,**,**,**,**,8154,q16_3a,4668,q17_3a,4668,q17_3a
106100,,,**,**,**,**,**,**,**,**,8156,q16_3b,4669,q17_3b,4669,q17_3b
106200,,,**,**,**,**,**,**,**,**,8157,q16_3c,4670,q17_3c,4670,q17_3c
106300,,,**,**,**,**,**,**,**,**,8158,q16_3d,4671,q17_3d,4671,q17_3d
106400,,,**,**,**,**,**,**,**,**,8159,q16_3e,4672,q17_3e,4672,q17_3e
106500,,,**,**,**,**,**,**,**,**,8160,q16_4,4674,q17_4,4674,q17_3f
106600,,,**,**,**,**,**,**,**,**,8161,q16_5,4673,q17_5,4673,q17_4
106700,,,**,**,**,**,**,**,**,**,,**,**,**,**,**
106800,,,**,**,**,**,**,**,**,**,,**,**,**,**,**
106900,,,**,**,**,**,**,**,**,**,6341,q17a,6341,q18a,**,**
107000,,,**,**,**,**,**,**,**,**,6342,q17b,6342,q18b,**,**
107100,,,**,**,**,**,**,**,**,**,6343,q17c,6343,q18c,**,**
107200,,,**,**,**,**,**,**,**,**,6344,q17d,6344,q18d,**,**
107300,,,**,**,**,**,**,**,**,**,6345,q17e,6345,q18e,**,**
107400,,,**,**,**,**,**,**,**,**,6346,q17f,6346,q18f,**,**
107500,,,**,**,**,**,**,**,**,**,6347,q17g,6347,q18g,**,**
107600,,,**,**,**,**,**,**,**,**,,**,**,**,4680,q18
107700,,,**,**,**,**,**,**,**,**,4681,q18_1a,4681,q19_1a,4681,q19_1a
107800,,,**,**,**,**,**,**,**,**,4685,q18_1b,4685,q19_1b,4685,q19_1b
107900,,,**,**,**,**,**,**,**,**,4687,q18_1c,4687,q19_1c,4687,q19_1c
108000,,,**,**,**,**,**,**,**,**,4688,q18_1d,4688,q19_1d,4688,q19_1d
108100,,,**,**,**,**,**,**,**,**,4691,q18_1e,4691,q19_1e,4691,q19_1e
108200,,,**,**,**,**,**,**,**,**,4694,q18_1f,4694,q19_1f,4694,q19_1f
108300,,,**,**,**,**,**,**,**,**,4697,q18_1g,4697,q19_1g,4697,q19_1g
108400,,,**,**,**,**,**,**,**,**,4699,q18_1h,4699,q19_1h,4699,q19_1h
108500,,,**,**,**,**,**,**,**,**,8176,q18_2a,4700,q19_2a,4700,q19_2a
108600,,,**,**,**,**,**,**,**,**,4703,q18_2b,4703,q19_2b,4703,q19_2b
108700,,,**,**,**,**,**,**,**,**,4706,q18_2c,4706,q19_2c,4706,q19_2c
108800,,,**,**,**,**,**,**,**,**,8179,q18_2d,4708,q19_2d,4708,q19_2d
108900,,,**,**,**,**,**,**,**,**,4709,q18_2e,4709,q19_2e,4709,q19_2e
109000,,,**,**,**,**,**,**,**,**,4710,q18_2f,4710,q19_2f,4710,q19_2f
109100,,,**,**,**,**,**,**,**,**,4711,q18_2g,4711,q19_2g,4711,q19_2g
109200,,,**,**,**,**,**,**,**,**,4712,q18_2h,4712,q19_2h,4712,q19_2h
109300,,,**,**,**,**,**,**,**,**,8184,q18_2i,4716,q19_2i,4716,q19_2i
109400,,,**,**,**,**,**,**,**,**,4717,q18_2j,4717,q19_2j,4717,q19_2j
109500,,,**,**,**,**,**,**,**,**,8186,q18_3a,4718,q19_3a,4718,q19_3a
109600,,,**,**,**,**,**,**,**,**,4720,q18_3b,4720,q19_3b,4720,q19_3b
109700,,,**,**,**,**,**,**,**,**,4721,q18_3c,4721,q19_3c,4721,q19_3c
109800,,,**,**,**,**,**,**,**,**,**,**,4722,q19_3d,4722,q19_3d
109900,,,**,**,**,**,**,**,**,**,4723,q18_3d,4723,q19_3e,4723,q19_3e
110000,,,**,**,**,**,**,**,**,**,4724,q18_3e,4724,q19_3f,4724,q19_3f
110100,,,**,**,**,**,**,**,**,**,4725,q18_3f,4725,q19_3g,4725,q19_3g
110200,,,**,**,**,**,**,**,**,**,4726,q18_3g,4726,q19_3h,4726,q19_3h
110300,"1 - Do ProJovem Adolescente
2 - outros jovens adolescentes
3 - Misto formado com adolescentes do Projovem e outros jovens adolescentes
",,**,**,**,**,**,**,**,**,,**,4727,q19_3i,4727,q19_3i
110400,,,**,**,**,**,**,**,**,**,4728,q18_3h,4728,q19_3j,4728,q19_3j
110500,,,**,**,**,**,**,**,**,**,4729,q18_4a,4729,q20a,4729,q19_4a
110600,,,**,**,**,**,**,**,**,**,4731,q18_4b,4731,q20b,4731,q19_4b
110700,,,**,**,**,**,**,**,**,**,4732,q18_4c,4732,q20c,4732,q19_4c
110800,,,**,**,**,**,**,**,**,**,4733,q18_4d,4733,q20d,4733,q19_4d
110900,,,**,**,**,**,**,**,**,**,4734,q18_4e,4734,q20e,4734,q19_4e
111000,,,**,**,**,**,**,**,**,**,4735,q18_4f,4735,q20f,4735,q19_4f
111100,,,**,**,**,**,**,**,**,**,4736,q18_4g,4736,q20g,4736,q19_4g
111200,,,**,**,**,**,**,**,**,**,4737,q18_4h,4737,q20h,4737,q19_4h
111300,,,**,**,**,**,**,**,**,**,**,**,**,**,4831,"q20a_1
q20a_2
q20a_3
q20a_4"
111400,,,**,**,**,**,**,**,**,**,**,**,**,**,4832,"q20b_1
q20b_2
q20b_3
q20b_4"
111500,,,**,**,**,**,**,**,**,**,**,**,**,**,4833,"q20c_1
q20c_2
q20c_3
q20c_4"
111600,,,**,**,**,**,**,**,**,**,**,**,**,**,4834,"q20d_1
q20d_2
q20d_3
q20d_4"
111700,,,**,**,**,**,**,**,**,**,**,**,**,**,4835,"q20e_1
q20e_2
q20e_3
q20e_4"
111800,,,**,**,**,**,**,**,**,**,**,**,**,**,4836,"q20f_1
q20f_2
q20f_3
q20f_4"
111900,,,**,**,**,**,**,**,**,**,**,**,**,**,4837,"q20g_1
q20g_2
q20g_3
q20g_4"
112000,,,**,**,**,**,**,**,**,**,**,**,**,**,4838,"q20h_1
q20h_2
q20h_3
q20h_4"
112100,,,**,**,**,**,**,**,**,**,**,**,**,**,4839,"q20i_1
q20i_2
q20i_3
q20i_4"
112200,,,**,**,**,**,**,**,**,**,**,**,**,**,4840,"q20j_1
q20j_2
q20j_3
q20j_4"
112300,,,**,**,**,**,**,**,**,**,**,**,**,**,4841,"q20k_1
q20k_2
q20k_3
q20k_4"
112400,,,**,**,**,**,**,**,**,**,**,**,**,**,4842,"q20l_1
q20l_2
q20l_3
q20l_4"
112500,,,**,**,**,**,**,**,**,**,**,**,**,**,4843,"q20m_1
q20m_2
q20m_3
q20m_4"
112600,,,**,**,**,**,**,**,**,**,**,**,**,**,4844,"q20n_1
q20n_2
q20n_3
q20n_4"
112700,,,**,**,**,**,**,**,**,**,**,**,**,**,4845,"q20o_1
q20o_2
q20o_3
q20o_4"
112800,,,**,**,**,**,**,**,**,**,**,**,**,**,4846,"q20p_1
q20p_2
q20p_3
q20p_4"
112900,,,**,**,**,**,**,**,**,**,**,**,**,**,4847,"q20q_1
q20q_2
q20q_3
q20q_4"
113100,,,**,**,**,**,10390,q15,8222,q16,4738,q19,4738,q21,4738,q21
113200,,,**,**,**,**,**,**,8223,q17a,4740,q20a,4740,q22a,4740,q22a
113300,,,**,**,**,**,**,**,8224,q17b,4741,q20b,4741,q22b,4741,q22b
113400,,,**,**,**,**,**,**,8225,q17c,4742,q20c,4742,q22c,4742,q22c
113500,,,**,**,**,**,**,**,8226,q17d,4743,q20d,4743,q22d,4743,q22d
113600,"Direito à transferência de renda e benefícios assistenciais
Direito a Documentação Civil Básica (certidão de nascimento, CPF, RG, título eleitoral)
Direito a cultura e lazer
Direito das Mulheres
Direitos das pessoas com deficiência
Direito à Alimentação
Os direitos das famílias
As especificidades do ciclo vital dos membros das famílias
Cuidar de quem cuida
O uso de álcool e/ou outras drogas na família
Problemas e soluções do território
Diversidade cultural, étnica e social
",,**,**,**,**,**,**,8227,"q17e_1
q17e_2
q17e_3
q17e_4
q17e_5
q17e_6
q17e_7
q17e_8
q17e_9
q17e_10
q17e_11
q17e_12",8227,"q20e_1
q20e_2
q20e_3
q20e_4
q20e_5
q20e_6
q20e_7
q20e_8
q20e_9
q20e_10
q20e_11
q20e_12",4744,"q22e_1
q22e_2
q22e_3
q22e_4
q22e_5
q22e_6
q22e_7
q22e_8
q22e_9
q22e_10
q22e_11",4744,"q22e_1
q22e_2
q22e_3
q22e_4
q22e_5
q22e_6
q22e_7
q22e_8
q22e_9
q22e_10
q22e_11"
113700,,,**,**,**,**,**,**,8228,q18,4748,q21,4748,q23,4748,q23
113800,,,**,**,**,**,**,**,8229,q18_qual,4750,q21_qual,4750,q23_qual,4750,q23_quais
BLOCO 4 – SERVIÇO DE CONVIVÊNCIA E FORTALECIMENTO DE VÍNCULOS,,,,,,,,,,,,,,,,
113900,"1 - Sim
0 - Não
",Binário,10391,q16,10391,q15,10391,q16,9269,q19,**,**,**,**,**,**
114100,"1 - Sim
0 - Não",Binário,10394,q17.1,10394,q16_1,**,q17_1,9270,q20_a1,**,**,**,**,**,**
114200,,,**,**,**,**,**,**,9275,q20_a2,**,**,**,**,**,**
114300,"1 - Sim
0 - Não",,10395,q17.2,10395,q16_2,**,q17_2,9271,q20_b1,**,**,**,**,**,**
114400,,,**,**,**,**,**,**,9276,q20_b2,**,**,**,**,**,**
114500,"1 - Sim
0 - Não",Binário,10396,q17.3,10396,q16_3,**,q17_3,9272,q20_c1,**,**,**,**,**,**
114600,,,**,**,**,**,**,**,9277,q20_c2,**,**,**,**,**,**
114700,,,**,**,**,**,**,**,9273,q20_d1,**,**,**,**,**,**
114800,,,**,**,**,**,**,**,9278,q20_d2,**,**,**,**,**,**
114900,"1 - Sim
0 - Não",Binário,10397,q17.4,10397,q16_4,**,q17_4,**,**,**,**,**,**,**,**
115000,"1 - Sim
0 - Não",Binário,10398,q17.5,10398,q16_5,**,q17_5,**,**,**,**,**,**,**,**
115100,"1 - Sim
0 - Não",Binário,10402,q17.6,10402,q16_6,**,q17_6,9274,q20_e1,**,**,**,**,**,**
115200,,,**,**,**,**,**,**,9279,q20_e2,**,**,**,**,**,**
115300,,,**,**,**,**,**,**,9280,q20f,**,**,**,**,**,**
115400,"Múltipla escolha:
1 - Sim, realizado por outra unidade pública
2 - Sim, realizado por entidade conveniada
3 - Sim, realizado por entidade não conveniada
0 - Não",Múltipla Escolha,10403,"q18.1
q18.2
Q18.3 Q18.0",10403,"q17_1
q17_2
q17_3
q17_0",10403,"q18_1
q18_2
q18_3
q18_4",9281,"q21_1
q21_2
q21_3
q21_4",**,**,**,**,**,**
115500,Texto,Livre,**,**,11966,**,10404,q19,**,**,**,**,**,**,**,**
115600,Texto,Livre,**,**,11967,**,10405,q19_ns,**,**,**,**,**,**,**,**
115800,"1 - Sim
0 - Não",Binário,10406,q19_1,10406,q19_1,10406,q20_1,9284,q23_a1,**,**,**,**,**,**
115900,,,**,**,**,**,**,**,9289,q23_a2,**,**,**,**,**,**
116000,,,**,**,**,**,**,**,9290,q23_a_ns,**,**,**,**,**,**
116100,"1 - Sim
0 - Não",Binário,10407,q19_2,10407,q19_2,10407,q20_2,9285,q23_b1,**,**,**,**,**,**
116200,,,**,**,**,**,**,**,9294,q23_b2,**,**,**,**,**,**
116300,,,**,**,**,**,**,**,9300,q23_b_ns,**,**,**,**,**,**
116400,"1 - Sim
0 - Não",Binário,10408,q19_3,10408,q19_3,10408,q20_3,9286,q23_c1,**,**,**,**,**,**
116500,,,**,**,**,**,**,**,9295,q23_c2,**,**,**,**,**,**
116600,,,**,**,**,**,**,**,9301,q23_c_ns,**,**,**,**,**,**
116700,"1 - Sim
0 - Não",Binário,10410,q19_4,10410,q19_4,10410,q20_4,**,**,**,**,**,**,**,**
116800,"1 - Sim
0 - Não",Binário,10411,q19_5,10411,q19_5,10411,q20_5,**,**,**,**,**,**,**,**
116900,,,**,**,**,**,**,**,9287,q23_d1,**,**,**,**,**,**
117000,,,**,**,**,**,**,**,9296,q23_d2,**,**,**,**,**,**
117100,,,**,**,**,**,**,**,9302,q23_d_ns,**,**,**,**,**,**
117200,"1 - Sim
0 - Não",Binário,10412,q19_6,10412,q19_6,10412,q20_6,9288,q23_e1,**,**,**,**,**,**
117300,,,12576,q20,**,**,**,**,**,**,**,**,**,**,**,**
117400,,,**,**,**,**,**,**,9297,q23_e2,**,**,**,**,**,**
117500,,,**,**,**,**,**,**,9303,q23_e_ns,**,**,**,**,**,**
117600,,,**,**,**,**,**,**,9298,q23f,**,**,**,**,**,**
117700,,,**,**,**,**,**,**,9299,q23f_ns,**,**,**,**,**,**
117800,"1 - O CRAS é o responsável pela seleção de usuários no SCFV na rede referenciada.
2 - O CRAS tem prioridade na seleção dos usuários encaminhados aos SCFV da rede referenciada.
3 - A rede referenciada é a responsável pela seleção de usuários no SCFV .",Múltipla Escolha,**,**,10413,q20,10413,q21,9306,q24,**,**,**,**,**,**
117900,"1 - De 2 a 3 vezes na semana
2 - Semanalmente
3 - Quinzenalmente
4 - Mensalmente
5 - Sem frequência específica, menos que mensal (bimestral, trimestral, etc.)
0 - Não realiza",Múltipla Escolha,10414,q21,10414,q21,10414,q22,**,**,**,**,**,**,**,**
118000,"Múltipla escolha:
1 - Participação no planejamento das atividades que serão desenvolvidas
2 - Reuniões periódicas com a equipe técnica da rede referenciada
3 - Supervisão dos orientadores sociais
4 - Capacitação dos orientadores sociais
5 - Acompanhamento periódico dos grupos
6 - Verificação da inclusão dos usuários no SCFV encaminhados pelo CRAS
7 - Encaminhamento dos usuários para o SCFV
8 - Avaliação e monitoramento das atividades realizadas
9 - Discussão conjunta dos casos em acompanhamento
0 - Nenhum dos itens anteriores
",Vários Valores,10415,"q22_1
q22_2
q22_3
q22_4
q22_5
q22_6
q22_7
q22_8
q22_9
q22_0",10415,"q22_1
q22_2
q22_3
q22_4
q22_5
q22_6
q22_7
q22_8
q22_9
q22_0",10415,"q23_1
q23_2
q23_3
q23_4
q23_5
q23_6
q23_7
q23_8
q23_9
q23_0",**,**,**,**,**,**,**,**
118100,"1 - Sim, apenas para o SCFV executado diretamente por este CRAS
2 - Sim, para o SCFV deste CRAS e o SCFV executado na rede referenciada
0 - Não",Múltipla Escolha,10416,q23,10416,q23,10416,q24,**,**,,**,**,**,**,**
118200,"Múltipla escolha:
1 - Atendimentos coletivos periódicos
2 - Atendimentos coletivos eventuais
3 - Atendimentos individualizados periódicos
4 - Atendimentos individualizados eventuais
99 - Outros",Vários Valores,10417,"q24_1
q24_2
q24_3
q24_4
q24_99",10417,"q24_1
q24_2
q24_3
q24_4
q24_99",10417,"q25_1
q25_2
q25_3
q25_4
q25_99",**,**,,**,**,**,**,**
118300,,,**,**,**,**,**,**,9307,"q25_1
q25_2
q25_3
q25_4
q25_5
q25_6
q25_7
q25_8",,**,**,**,**,**
118400,"1 - Sim, apenas para o SCFV executado diretamente por este CRAS
2 - Sim, com famílias do SCFV deste CRAS e do SCFV executado na rede referenciada
0 - Não
",Múltipla Escolha,**,**,**,**,**,**,9308,q26,,**,**,**,**,**
118500,"1 - Atendimentos coletivos periódicos
2 - Atendimentos coletivos eventuais (palestras)
3 - Atendimentos individualizados periódicos
4 - Atendimentos individualizados eventuais
99 - Outros",Vários Valores,**,**,**,**,**,**,9309,"q27_1
q27_2
q27_3
q27_4
q27_5",,**,**,**,**,**
118600,,,**,**,**,**,**,**,9310,q27_qual,,**,**,**,**,**
BLOCO 5 – EQUIPE VOLANTE,,,,,,,,,,,,,,,,
118700,"1 - Sim
0 - Não",Binário,10418,q25,10418,q25,10418,q26,8230,q28,5025,q22,5236,q30,5236,q32
118800,,,**,**,**,**,**,**,**,**,,**,5237,"q31_1
q31_2",5237,"q33_1
q33_2"
118900,,,**,**,**,**,10419,q27,8231,q29,8231,q23,**,**,**,**
119000,"Múltipla escolha:
1 - Em automóvel exclusivo do CRAS (ex.: carro, van, etc.)
2 - Em automóvel compartilhado entreo CRAS e outras unidades (carro, van, etc.)
3 - Em automóvel particular de algums membro da equipe do CRAS
4 - Em embarcação (barco ou lancha) exclusiva da área de Assistência Social
5 - Em embarcação (barco ou lancha) não-exclusiva da área de Assistência Social
6 - Em transporte público
7 - A pé
8 - A cavalo ou outro animal
9 - Outro
",Vários Valores,**,**,**,**,10420,"q28_1
q28_2
q28_3
q28_4
q28_5
q28_6",8232,"q30_1
q30_2
q30_3
q30_4
q30_5
q30_6
q30_7
q30_8
q30_9",8232,"q24_1
q24_2
q24_3
q24_4
q24_5
q24_6
q24_7
q24_8
q24_9",**,**,**,**
119100,,,**,**,**,**,10421,q28_qual,8233,q30_qual,8233,q24_qual,**,**,**,**
119200,"6 - 4 ou mais dias por semana
5 - 3 dias por semana
4 - 2 dias por semana
3 - 1 dia por semana
2 - Quinzenalmente
1 - Uma vez por mês, ou menos
",,10422,q26,10422,q26,10422,q29,8234,q31,8234,q25,**,**,**,**
119300,,,**,**,**,**,**,**,8235,q32,8235,q26,**,**,**,**
119400,"1 - Áreas rurais
2 - Áreas urbanas
3 - Em ambas
",,10423,q27,10423,q27,10423,q30,8236,q33,8236,q27,**,**,**,**
119500,,,**,**,**,**,**,**,8237,q34,8237,q28,**,**,**,**
119600,,,**,**,**,**,**,**,8238,q35,8238,q29,**,**,**,**
119700,"1 - Nos domicílios
2 - Em outras unidades/equipamentos públicos de Assistência Social
3 - Em espaços de entidades não governamentais conveniadas com a Assistência Social
4 - Em espaços cedidos por organizações comunitárias locais não conveniadas com a Assistência Social (Igrejas, Associação de Moradores, Ongs não conveniadas, etc)
5 - Em unidades/equipamentos públicos da área de Educação
6 - Em unidades/equipamentos públicos da área de Saúde
7 - Em unidades/equipamentos públicos de outras políticas públicas
8 - Em praças. beira de rio, terreno de comunidade, etc.
9 - Outro",,**,**,**,**,10424,"q31_1
q31_2
q31_3
q31_4
q31_5
q31_6
q31_7
q31_8
q31_9","8239
","q36_1
q36_2
q36_3
q36_4
q36_5
q36_6
q36_7
q36_8
q36_9","8239
","q30_1
q30_2
q30_3
q30_4
q30_5
q30_6
q30_7
q30_8
q30_9",**,**,**,**
119800,,,**,**,**,**,10425,q31_qual,8241,q36_qual,8241,q30_qual,**,**,**,**
119900,"Múltipla escolha:
1 - Atendimento particularizado de famílias ou indivíduos
2 - Atendimento em atividade coletiva de caráter continuado
3 - Atendimento em atividade coletiva de caráter não-continuado
4 - Cadastramento/Atualização cadastral
5 - Concessão de benefício eventual
6 - Ações para obtenção de Documentação Pessoal
0 - Nenhum dos itens acima
",,**,**,**,**,10426,"q32_1
q32_2
q32_3
q32_4
q32_5
q32_6
q32_0",8240,"q37_1
q37_2
q37_3
q37_4
q37_5
q37_6
q37_7",8240,"q31_1
q31_2
q31_3
q31_4
q31_5
q31_6
q31_7",**,**,**,**
120000,,,**,**,**,**,10427,q33,**,**,,**,**,**,**,**
120100,Texto,,10428,q28,10428,q28,10428,q34,8242,q38,8242,q32,**,**,**,**
120200,,,12577,"q29.1
q29.2
q29.3
q29.4
q29.5
q29.6
q29.0
q29.99",**,**,**,**,**,**,,**,**,**,**,**
120300,,,12578,q29.qual,**,**,**,**,**,**,,**,**,**,**,**
120400,,,**,**,**,**,**,**,**,**,,q33,**,**,**,**
120500,,,**,**,**,**,**,**,**,**,,q34a,**,**,**,**
120600,,,**,**,**,**,**,**,**,**,,q34b,**,**,**,**
120700,,,**,**,**,**,**,**,**,**,,q34c,**,**,**,**
120800,,,**,**,**,**,**,**,**,**,,q34d,**,**,**,**
120900,,,**,**,**,**,**,**,**,**,,q34e,**,**,**,**
121000,,,**,**,**,**,**,**,**,**,,q34f,**,**,**,**
121100,,,**,**,**,**,**,**,**,**,,q35,**,**,**,**
121200,,,**,**,**,**,**,**,**,**,,q36,**,**,**,**
"BLOCO 6 – PROGRAMAS, BENEFÍCIOS E CADASTRO ÚNICO",,,,,,,,,,,,,,,,
121300,"1 - Sim
0 - Não
",Binário,10429,q30,10429,q29,10429,q35,8253,q39,4787,q38,4787,q24,4787,q24
121400,"Múltipla escolha:
1 - Auxílio Funeral
2 - Auxílio Natalidade
3 - Auxílios relacionados à segurança alimentar (cesta básica, entre outros)
4 - Passagens
5 - Outros
",Vários Valores,10430,"q31.1
q31.2
q31.3
q31.4
",10430,"q30_1
q30_2
q30_3
q30_4
q30_99",10430,"q36_1
q36_2
q36_3
q36_4
q36_99",8254,"q40_1
q40_2
q40_3
q40_4
q40_5",4791,"q39_1
q39_2
q39_3
q39_4
q39_5",4791,"q25_1
q25_2
q25_3
q25_4
q25_5",4791,"q25_1
q25_2
q25_3
q25_4
q25_5"
121500,,,12579,"q32.1
q32.2
q32.3
q32.4
q32.5
q32.6 q32.99",**,**,**,**,**,**,,**,**,**,**,**
121600,,,12580,q32.qual,**,**,**,**,**,**,,**,**,**,**,**
121700,,,12582,"q33.1
q33.2
q33.3
q33.4
q33.5
q33.6
q33.7
q33.8
q33.99",**,**,**,**,**,**,,**,**,**,**,**
121800,,,12581,q33.1.qual,**,**,**,**,**,**,,**,**,**,**,**
121900,,,12592,"q34.1
q34.2
q34.3
q34.4
q34.5
q34.0
q34.99",**,**,**,**,**,**,,**,**,**,**,**
122000,,,12593,q34.1.qual,**,**,**,**,**,**,,**,**,**,**,**
122100,Texto,,**,**,10431,q30_qual,10431,q36_qual,8255,q40_qual,4792,q39_qual,4792,q25_qual,4792,q25_5_qual
122200,,,10432,q35,10432,q32,10432,q37,8256,q41,4774,q40,4774,q45,4774,q47
122300,,,11891,q36,**,**,**,**,**,**,,**,**,**,**,**
122400,,,**,**,**,**,**,**,8258,q42a,8258,q41_1,**,**,**,**
122500,,,**,**,**,**,**,**,8257,q42b,8257,q41_2,**,**,**,**
122600,,,**,**,**,**,**,**,**,**,4775,q42,4775,q46,4775,q48
122700,,,**,**,**,**,**,**,**,**,8260,"q43a_1
q43a_2
q43a_3",**,**,4776,
122800,,,**,**,**,**,**,**,**,**,,**,**,**,4782,
122900,,,**,**,**,**,**,**,**,**,,**,**,**,4783,
123000,,,**,**,**,**,**,**,**,**,,**,**,**,4784,
123100,,,**,**,**,**,**,**,**,**,,**,**,**,4785,
123200,,,**,**,**,**,**,**,**,**,,**,**,**,4786,
123300,,,**,**,**,**,**,**,**,**,,**,**,**,4848,
123400,,,**,**,**,**,**,**,**,**,8261,"q43b_1
q43b_2
q43b_3",**,**,4777,
123500,,,**,**,**,**,**,**,**,**,,**,**,**,4864,
123600,,,**,**,**,**,**,**,**,**,,**,**,**,4849,
123700,,,**,**,**,**,**,**,**,**,,**,**,**,4869,
123800,,,**,**,**,**,**,**,**,**,,**,**,**,4854,
123900,,,**,**,**,**,**,**,**,**,,**,**,**,4874,
124000,,,**,**,**,**,**,**,**,**,,**,**,**,4859,
124100,,,**,**,**,**,**,**,**,**,8262,"q43c_1
q43c_2
q43c_3",**,**,4778,
124200,,,**,**,**,**,**,**,**,**,,**,**,**,4865,
124300,,,**,**,**,**,**,**,**,**,,**,**,**,4850,
124400,,,**,**,**,**,**,**,**,**,,**,**,**,4870,
124500,,,**,**,**,**,**,**,**,**,,**,**,**,4855,
124600,,,**,**,**,**,**,**,**,**,,**,**,**,4875,
124700,,,**,**,**,**,**,**,**,**,,**,**,**,4860,
124800,,,**,**,**,**,**,**,**,**,,**,**,**,4779,
124900,,,**,**,**,**,**,**,**,**,,**,**,**,4866,
125000,,,**,**,**,**,**,**,**,**,,**,**,**,4851,
125100,,,**,**,**,**,**,**,**,**,,**,**,**,4871,
125200,,,**,**,**,**,**,**,**,**,,**,**,**,4856,
125300,,,**,**,**,**,**,**,**,**,,**,**,**,4876,
125400,,,**,**,**,**,**,**,**,**,,**,**,**,4861,
125500,,,**,**,**,**,**,**,**,**,,**,**,**,4780,
125600,,,**,**,**,**,**,**,**,**,,**,**,**,4867,
125700,,,**,**,**,**,**,**,**,**,,**,**,**,4852,
125800,,,**,**,**,**,**,**,**,**,,**,**,**,4872,
125900,,,**,**,**,**,**,**,**,**,,**,**,**,4857,
126000,,,**,**,**,**,**,**,**,**,,**,**,**,4877,
126100,,,**,**,**,**,**,**,**,**,,**,**,**,4862,
126200,,,**,**,**,**,**,**,**,**,,**,**,**,4781,
126300,,,**,**,**,**,**,**,**,**,,**,**,**,4868,
126400,,,**,**,**,**,**,**,**,**,,**,**,**,4853,
126500,,,**,**,**,**,**,**,**,**,,**,**,**,4873,
126600,,,**,**,**,**,**,**,**,**,,**,**,**,4858,
126700,,,**,**,**,**,**,**,**,**,,**,**,**,4878,
126800,,,**,**,**,**,**,**,**,**,,**,**,**,4863,
BLOCO 7 – GESTÃO E TERRITÓRIO,,,,,,,,,,,,,Bloco 4,,Bloco 4,
126900,,,12594,q37.1,**,**,**,**,**,**,,**,**,**,**,**
127000,,,12595,q37.2,**,**,**,**,**,**,,**,**,**,**,**
127100,,,12596,q37.3,**,**,**,**,**,**,,**,**,**,**,**
127200,,,12597,q37.4,**,**,**,**,**,**,,**,**,**,**,**
127210,,,**,**,**,**,10433,q38,8266,q43,4747,q44,,,4747,q34
127220,,,**,**,**,**,**,**,8267,q44,4745,q45,4745,q27,4745,q29
127230,,,**,**,**,**,**,**,8268,q45,4739,q46,5235,q28,5235,q30
127300,,,10434,q38,10434,q33,10434,q39,8269,q46,4746,q47,6348,q29,4746,q31
127400,,,**,**,**,**,10435,q40,8270,q47,,q48,5239,q35,5239,q37
127500,,,**,**,**,**,10436,q40_ns,8271,q47_ns,,q48_ns,5240,q35_ns,5240,q37_ns
127600,Por procura espontânea,,**,**,**,**,**,**,**,**,4755,**,4755,q36_1,4755,q38_1
127700,Por busca ativa,,**,**,**,**,**,**,**,**,,**,5245,q36_2,5245,q38_2
127800,Por encaminhamento da rede socioassistencial,,**,**,**,**,**,**,**,**,,**,5246,q36_3,5246,q38_3
127900,Por encaminhamento das demais políticas públicas e/ou Sistema de garantia de direitos,,**,**,**,**,**,**,**,**,,**,5247,q36_4,5247,q38_4
128000,"Inclusão no CadÚnico
q37_2_Atualização do CadÚnico
q37_3_Inclusão no Programa Bolsa Família (PBF)
q37_4_Inclusão do Benefício de Prestação Continuada (BPC)
q37_5_Inclusão no acompanhamento familiar do PAIF
q37_6_Inclusão nos Serviços de Convivência e Fortalecimento de Vínculos executados no CRAS
q37_7_Outros
q37_8_Não são realizadas ações de busca ativa neste CRAS",,**,**,**,**,**,**,**,**,,**,5260,"q37_1
q37_2
q37_3
q37_4
q37_5
q37_6
q37_7
q37_8",5260,"q39_1
q39_2
q39_3
q39_4
q39_5
q39_6
q39_7
q39_8"
128100,"q38_1_Visitas domiciliares
q38_2_Deslocamento da equipe de referência para conhecimento do território
q38_3_Realização de contatos com atores sociais locais (líderes comunitários, associações de bairro, etc)
q38_4_Realização de contatos com atores dos serviços socioassistenciais e setoriais para obtenção de informações
q38_5_Campanhas de divulgação
q38_6_Distribuição de panfletos
q38_7_Colagem de cartazes
q38_8_Envio de Correspondências
q38_9_Disponibilização de listas
q38_10_Utilização de carros de som
q38_11_ Outros",,**,**,**,**,**,**,**,**,,**,6349,"q38_1
q38_2
q38_3
q38_4
q38_5
q38_6
q38_7
q38_8
q38_9
q38_10
q38_11",4754,
128200,,,10437,q39,10437,q34,10438,q41,8272,q48,8272,q49,**,**,**,**
128300,,,10439,"q40.1
q40.2
q40.3
q40.4
q40.5
q40.6
q40.7
q40.8
q40.9
q40.99",10439,"q35_1
q35_2
q35_3
q35_4
q35_5
q35_99
",10439,"q42_1
q42_2
q42_3
q42_4
q42_5
q42_99",9317,"q49_1
q49_2
q49_3
q49_4
q49_5
q49_6",,**,**,**,**,**
128400,,,10440,q40.qual,10440,q35_qual,10440,q42_qual,9318,q49_qual,,**,**,**,**,**
128500,"q50_1_Situações de negligência em relação a pessoas idosas
q50_2_Situações de negligência em relação a crianças/adolescentes
q50_3_Situações de negligência em relação a pessoas com deficiência
q50_4_Situação de violência contra mulheres
q50_5_Situações de violência contra homens (A violência contra homens constitui violência doméstica e não urbana)
q50_6_Situações de violência contra crianças
q50_7_Situações de violência contra idosos
q50_8_Outras situações de violência no território
q50_9_Crianças e adolescentes fora da escola
q50_10_Crianças e adolescentes em situação de trabalho infantil
q50_11_Indivíduos sem documentação civil
q50_12_Famílias em descumprimento de condicionalidades do Bolsa Família
q50_13_Famílias elegíveis não inseridas nos programas ou benefícios de transferência de renda
q50_14_Famílias em situação de insegurança alimentar
q50_15_Demandas de provisão material (exceto alimentos)
q50_16_Exploração ou abuso sexual de crianças e adolescentes
q50_17_Jovens em situação de vulnerabilidade e risco social
q50_18_Usuários de crack e ou outras drogas
q50_19_Usuários de álcool
q50_20_Pessoas em situação de rua
q50_21_Famílias em serviço de Acolhimento Institucional
q50_22_Famílias de mulheres em situação de privação de liberdade no sistema penal
q50_23_Pessoas em situação de refúgio",,**,**,**,**,**,**,8273,"q50_1
q50_2
q50_3
q50_4
q50_5
q50_6
q50_7
q50_8
q50_9
q50_10
q50_11
q50_12
q50_13
q50_14
q50_15
q50_16
q50_17
q50_18
q50_19
q50_20
q50_21
q50_22
q50_23",4756,"q50_1
q50_2
q50_3
q50_4
q50_5
q50_6
q50_7
q50_8
q50_9
q50_10
q50_11
q50_12
q50_13
q50_14
q50_15
q50_16
q50_17
q50_18
q50_19
q50_20
q50_21
q50_22
q50_23",4756,"q39_1
q39_2
q39_3
q39_4
q39_5
q39_6
q39_7
q39_8
q39_9
q39_10
q39_11
q39_12
q39_13
q39_14
q39_15
q39_16
q39_17
q39_18
q39_19",4756,"q41_1
q41_2
q41_3
q41_4
q41_5
q41_6
q41_7
q41_8
q41_9
q41_10
q41_11
q41_12
q41_13
q41_14
q41_15
q41_16
q41_17
q41_18
q41_19"
128600,"1 - Faixa de fronteira internacional
2 - Assentamento ou acampamento
3 - Área com risco de desabamento
4 - Área com risco de alagamento
5 - Contornos geográficos que dificultam a mobilidade (rios, montanhas, etc.)
6 - Moradias irregulares como favelas, invasões, grotas, cortiços, e/ou similares
7 - Presença de altos índices de criminalidade
8 - Presença de conflito/violência vinculado ao tráfico de drogas
9 - Presença de conflito agrário
10 - Presença de exploração sexual de crianças e adolescentes
99 - Outras características que contribuem para a vulnerabilidade das famílias",,10441,"q41.1
q41.2
q41.3
q41.4
q41.5
q41.6
q41.7
q41.8
q41.9
q41.10
q41.99",10441,"q36_1
q36_2
q36_3
q36_4
q36_5
q36_6
q36_7
q36_8
q36_9
q36_10",10441,"q43_1
q43_2
q43_3
q43_4
q43_5
q43_6
q43_7
q43_8
q43_9
q43_10
q43_99",9319,"q51_1
q51_2
q51_3
q51_4
q51_5
q51_6
q51_7
q51_8
q51_9",,**,**,**,**,**
128700,Texto,,10442,q41.qual,10442,q36_99,10443,q43_qual,9320,q51_qual,,**,**,**,**,**
128800,,,10444,q42,10444,q37,10444,q44,8274,q52,4757,q51,4757,q40,4757,q42
128900,"Múltipla escolha:
1 - Povos Indígenas
2 - Comunidade Quilombola
3 - Comunidade Ribeirinha
4 - Povos Ciganos
5 - Comunidades Extrativistas.
6 - Outros povos e comunidades tradicionais
",,10445,"q43.1
q43.2
q43.3
q43.4
q43.5
q43.99",10445,"q38_1
q38_2
q38_3
q38_4
q38_5
q38_99
",10445,"q45_1
q45_2
q45_3
q45_4
q45_5
q45_99",8275,"q53_1
q53_2
q53_3
q53_4
q53_5
q53_6",8275,"q52_1
q52_2
q52_3
q52_4
q52_5
q52_6",4758,"q41_1
q41_2
q41_3
q41_4
q41_5
q41_6
q41_7",4758,"q43_1
q43_2
q43_3
q43_4
q43_5
q43_6
q43_7"
129000,,,10446,q43.qual,10446,q38_qual,10446,q45_qual,8276,q53_qual,8276,q52_qual,,,,
129100,"Atendeu Povos Tradicionais_Não atendeu
Atendeu Povos Tradicionais_Sim, atendeu Povos Indígenas
Atendeu Povos Tradicionais_Sim, atendeu Comunidade Quilombola
Atendeu Povos Tradicionais_Sim, atendeu Comunidade Ribeirinha
Atendeu Povos Tradicionais_Sim, atendeu Povos Ciganos
Atendeu Povos Tradicionais_Sim, atendeu Comunidades Extrativistas
Atendeu Povos Tradicionais_Sim, atendeu outros povos e comunidades tradicionais
",,10448,"q44.0
q44.1
q44.2
q44.3
q44.4
q44.5
q44.99",10448,"q39_0
q39_1
q39_2
q39_3
q39_4
q39_5
q39_99",10448,"q46_0
q46_1
q46_2
q46_3
q46_4
q46_5
q46_99",8277,"q54_1
q54_2
q54_3
q54_4
q54_5
q54_6
q54_7",,"q53_1
q53_2
q53_3
q53_4
q53_5
q53_6
q53_7",**,**,**,**
129200,,,12598,"q45.1
q45.2
q45.3
q45.4
q45.99",**,**,**,**,**,**,,**,**,**,**,**
129300,,,12599,q45.qual,**,**,**,**,**,**,,**,**,**,**,**
129400,,,12600,q46,**,**,**,**,**,**,,**,**,**,**,**
129500,,,12601,q47,**,**,**,**,**,**,,**,**,**,**,**
129600,,,12602,q47.qual,**,**,**,**,**,**,,**,**,**,**,**
129700,,,**,**,**,**,10447,q47,8279,q55,4759,q54,4759,q42,4759,q44
129800,,,**,**,**,**,10449,q48_1,8280,q56a,8280,q55a,**,**,**,**
129900,,,**,**,**,**,10450,q48_2,8281,q56b,8281,q55b,**,**,**,**
130000,,,**,**,**,**,10451,q48_3,8282,q56c,8282,q55c,**,**,**,**
130100,,,**,**,**,**,10452,q48_4,8283,q56d,8283,q55d,**,**,**,**
130200,,,**,**,**,**,10453,q48_5,8284,q56e,8284,q55e,**,**,**,**
130300,,,**,**,**,**,10454,q48_6,8285,q56f,8285,q55f,**,**,**,**
130400,,,**,**,**,**,10455,q48_7,8286,q56g,8286,q55g,**,**,**,**
130500,,,**,**,**,**,10457,q49_1,8287,q57a,,q56_1,**,**,**,**
130600,,,**,**,**,**,10456,q49_2,8288,q57b,4904,q56_2,**,**,**,**
130700,,,**,**,**,**,10458,q49_3,8289,q57c,4905,q56_3,**,**,**,**
130800,,,**,**,**,**,10459,q49_4,8290,q57d,4906,q56_4,**,**,**,**
130900,"q58_1_Inclusão no CadÚnico
q58_2_Atualização do CadÚnico
q58_3_Inclusão no Programa Bolsa Família (PBF)
q58_4_Inclusão no Benefício de Prestação Continuada - Trabalho (BPC Trabalho)
q58_5_Inclusão no Benefício de Prestação Continuada - Escola (BPC Escola)
q58_6_Inclusão no acompanhamento familiar do PAIF
q58_7_Inclusão nos Serviços de Convivência e Fortalecimento de Vínculos
q58_8_Outros",,**,**,**,**,**,**,8291,"q58_1
q58_2
q58_3
q58_4
q58_5
q58_6
q58_7
q58_8
q58_9",,"q57_1
q57_2
q57_3
q57_4
q57_5
q57_6
q57_7
q57_8",**,**,,
131000,"q59_1_Visitas Domiciliares
q59_2_Deslocamento da equipe de referência para conhecimento do território
q59_3_Realização de contatos com atores sociais locais (líderes comunitários, associações de bairro, etc.)
q59_4_Realização de contatos com atores dos serviços socioassistenciais e setoriais para obtenção de informações
q59_5_Distribuição de panfletos
q59_6_Colagem de cartazes
q59_7_Envio de Correspondências
q59_8_Utilização de carros de som
q59_9_Utilização das informações do CadÚnico
q59_10_Outros",,**,**,**,**,**,**,8292,"q59_1
q59_2
q59_3
q59_4
q59_5
q59_6
q59_7
q59_8
q59_9
q59_10",,"q58_1
q58_2
q58_3
q58_4
q58_5
q58_6
q58_7
q58_8
q58_9",**,**,,
131100,"Inclusão Pessoas com Deficiência_Não
Inclusão Pessoas com Deficiência_Sim, busca ativa
Inclusão Pessoas com Deficiência_Sim, ações de divulgação e mobilização
Inclusão Pessoas com Deficiência_Sim, articulação intersetorial para formação de rede e apoio
Inclusão Pessoas com Deficiência_Sim, articulação com associações e/ou entidades para a formação de rede de apoio",,**,**,**,**,10460,"q50_0
q50_1
q50_2
q50_3
q50_4",8252,"q60_1
q60_2
q60_3
q60_4
q60_5
q60_6",4804,"q37_1
q37_2
q37_3
q37_4
q37_5
q37_6",4804,"q26_1
q26_2
q26_3
q26_4
q26_5
q26_6",,
131200,"Não Possui
Prioriza o atendimento do PAIF
Planeja a oferta de serviços no CRAS
Realiza busca ativa priorizando o público da lista
Não faz uso da listagem",,**,**,**,**,**,**,**,**,4760,"q59a_1
q59a_2
q59a_3
q59a_4
q59a_5",4760,"q43a_1
q43a_2
q43a_3
q43a_4
q43a_5",4760,"q45a_1
q45a_2
q45a_3
q45a_4
q45a_5"
131300,,,**,**,**,**,**,**,**,**,,**,4761,"q43b_1
q43b_2
q43b_3
q43b_4
q43b_5",4761,"q45b_1
q45b_2
q45b_3
q45b_4
q45b_5"
131400,"Não Possui
Prioriza o atendimento do PAIF
Planeja a oferta de serviços no CRAS
Realiza busca ativa priorizando o público da lista
Não faz uso da listagem",,**,**,**,**,**,**,**,**,8294,"q59b_1
q59b_2
q59b_3
q59b_4
q59b_5",4762,"q43c_1
q43c_2
q43c_3
q43c_4
q43c_5",4762,"q45c_1
q45c_2
q45c_3
q45c_4
q45c_5"
131500,"Não Possui
Prioriza o atendimento do PAIF
Planeja a oferta de serviços no CRAS
Realiza busca ativa priorizando o público da lista
Não faz uso da listagem",,**,**,**,**,**,**,**,**,4763,"q59c_1
q59c_2
q59c_3
q59c_4
q59c_5",4763,"q43d_1
q43d_2
q43d_3
q43d_4
q43d_5",4763,"q45d_1
q45d_2
q45d_3
q45d_4
q45d_5"
131600,"Não Possui
Prioriza o atendimento do PAIF
Planeja a oferta de serviços no CRAS
Realiza busca ativa priorizando o público da lista
Não faz uso da listagem",,**,**,**,**,**,**,**,**,4765,"q59d_1
q59d_2
q59d_3
q59d_4
q59d_5",4765,"q43e_1
q43e_2
q43e_3
q43e_4
q43e_5",4765,"q45e_1
q45e_2
q45e_3
q45e_4
q45e_5"
131700,"Não Possui
Prioriza o atendimento do PAIF
Planeja a oferta de serviços no CRAS
Realiza busca ativa priorizando o público da lista
Não faz uso da listagem",,**,**,**,**,**,**,**,**,8297,"q59e_1
q59e_2
q59e_3
q59e_4
q59e_5",4764,"q43f_1
q43f_2
q43f_3
q43f_4
q43f_5",4764,"q45f_1
q45f_2
q45f_3
q45f_4
q45f_5"
131800,"Não Possui
Prioriza o atendimento do PAIF
Planeja a oferta de serviços no CRAS
Realiza busca ativa priorizando o público da lista
Não faz uso da listagem",,**,**,**,**,**,**,**,**,8298,"q59f_1
q59f_2
q59f_3
q59f_4
q59f_5",**,**,**,**
131900,,,**,**,**,**,**,**,**,**,,**,4766,"q43g_1
q43g_2
q43g_3
q43g_4
q43g_5",4766,"q45g_1
q45g_2
q45g_3
q45g_4
q45g_5"
132000,"Para consulta/ pesquisa
Para inserção de dados
Não tem acesso ao sistema",,**,**,**,**,**,**,8299,"q61_a1
q61_a2",4767,"q60a_1
q60a_2
q60a_3",4767,"q44a_1
q44a_2
q44a_3",4767,"q46a_1
q46a_2
q46a_3"
132100,,,**,**,**,**,**,**,9321,"q61_b1
q61_b2",,**,**,**,**,**
132200,,,**,**,**,**,**,**,8300,"q61_c1
q61_c2
q61_c3",4768,"q60b_1
q60b_2
q60b_3",4768,"q44b_1
q44b_2
q44b_3",4768,"q46b_1
q46b_2
q46b_3"
132300,,,**,**,**,**,**,**,**,**,,**,4769,"q44c_1
q44c_2
q44c_3",4769,"q46c_1
q46c_2
q46c_3"
132400,,,**,**,**,**,**,**,8303,"q61_d1
q61_d2
q61_d3",8303,"q60e_1
q60e_2
q60e_3",**,**,**,**
132500,,,**,**,**,**,**,**,9322,"q61_e1
q61_e2
q61_e3",,**,**,**,**,**
132600,,,**,**,**,**,**,**,9323,"q61_f1
q61_f2
q61_f3",,**,**,**,**,**
132700,,,**,**,**,**,**,**,8301,"q61_g1
q61_g2
q61_g3",4770,"q60c_1
q60c_2
q60c_3",4770,"q44d_1
q44d_2
q44d_3",4770,"q46d_1
q46d_2
q46d_3"
132800,,,**,**,**,**,**,**,**,**,,**,4771,"q44e_1
q44e_2
q44e_3",4771,"q46e_1
q46e_2
q46e_3"
132900,,,**,**,**,**,**,**,**,**,,**,4772,"q44f_1
q44f_2
q44f_3",4772,"q46f_1
q46f_2
q46f_3"
133000,,,**,**,**,**,**,**,8302,"q61_h1
q61_h2
q61_h3",4773,"q60d_1
q60d_2
q60d_3",4773,"q44g_1
q44g_2
q44g_3",4773,"q46g_1
q46g_2
q46g_3"
133100,,,**,**,10461,q40,10461,q51,8243,q62,8243,**,**,**,**,**
133200,q63a_O Prontuários SUAS contribui para o planejamento das ações a serem desenvolvidas com cada família,,**,**,**,**,**,**,8244,q63a,8244,**,**,**,**,**
133300,q63b_A utilização do Prontuário SUAS aumenta a capacidade da Unidade sistematizar e analisar informações sobre a incidência dos riscos e vulnerabilidades presentes na população atendida,,**,**,**,**,**,**,8245,q63b,8245,**,**,**,**,**
133400,q63c_O Prontuário SUAS ajuda a organizar e acompanhar os encaminhamentos realizados,,**,**,**,**,**,**,8246,q63c,8246,**,**,**,**,**
133500,q63d_O Prontuário SUAS contribui para avaliar a evolução e os resultados do trabalho social realizado com as famílias,,**,**,**,**,**,**,8247,q63d,8247,**,**,**,**,**
133600,q63e_O modelo do Prontuário SUAS é de fácil utilização pela equipe técnica,,**,**,**,**,**,**,8248,q63e,8248,**,**,**,**,**
133700,q63f_Esta Unidade recomenda a utilização do Prontuário SUAS por todos os CRAS e CREAS,,**,**,**,**,**,**,8249,q63f,8249,**,**,**,**,**
133800,,,**,**,**,**,10462,q52,8250,q64,8250,**,**,**,**,**
133900,"q65_1_Porque já possui outro modelo em papel do Prontuário
q65_2_Porque já possui modelo informatizado de Prontuário
q65_3_Porque recebeu em quantidade menor que a demanda
q65_4_Porque o instrumento tem um número muito grande de perguntas
q65_5_Porque acredita que o modelo não se adequa a realidade do município",,**,**,**,**,**,**,8251,"q65_1
q65_2
q65_3
q65_4
q65_5",8251,**,**,**,**,**
BLOCO 8 – ARTICULAÇÃO,,,,,,,,,,,,,,,Bloco 5,
134000,"Unidades Públicas da PS Básica_Possui dados de localização (endereço, telefone, etc.)
Unidades Públicas da PS Básica_Recebe usuários encaminhados por este CRAS
Unidades Públicas da PS Básica_Encaminha usuários para este CRAS
Unidades Públicas da PS Básica_Acompanha os encaminhamentos
Unidades Públicas da PS Básica_Realiza reuniões periódicas
Unidades Públicas da PS Básica_Troca informações
Unidades Públicas da PS Básica_Realiza estudos de caso em conjunto
Unidades Públicas da PS Básica_Desenvolve atividades em parceria
Unidades Públicas da PS Básica_Não tem nenhuma articulação
Unidades Públicas da PS Básica_Serviço ou instituição não existente no Município ou no DF",,10463,"q48.1.1
q48.1.2
q48.1.3
q48.1.4
q48.1.5
q48.1.6
q48.1.7
q48.1.8
q48.1.0
q48.1.9",10463,"q41_1_1
q41_1_2
q41_1_3
q41_1_4
q41_1_5
q41_1_6
q41_1_7
q41_1_8
q41_1_0
q41_1_9",10463,"q53_1_1
q53_1_2
q53_1_3
q53_1_4
q53_1_5
q53_1_6
q53_1_7
q53_1_8
q53_1_0
q53_1_9",8304,"q66a_1
q66a_2
q66a_3
q66a_4
q66a_5
q66a_6
q66a_7
q66a_8
q66a_9
q66a_10",4805,"q61a_1
q61a_2
q61a_3
q61a_4
q61a_5
q61a_6
q61a_7
q61a_8
q61a_9
q61a_10",4805,"q47a_1
q47a_2
q47a_3
q47a_4
q47a_5
q47a_6
q47a_7
q47a_8
q47a_9
q47a_10",4805,"q50a_1
q50a_2
q50a_3
q50a_4
q50a_5
q50a_6
q50a_7
q50a_8
q50a_9
q50a_10"
134100,,,10464,"q48.2.1
q48.2.2
q48.2.3
q48.2.4
q48.2.5
q48.2.6
q48.2.7
q48.2.8
q48.2.0
q48.2.9",10464,"q41_2_1
q41_2_2
q41_2_3
q41_2_4
q41_2_5
q41_2_6
q41_2_7
q41_2_8
q41_2_0
q41_2_9",10464,"q53_2_1
q53_2_2
q53_2_3
q53_2_4
q53_2_5
q53_2_6
q53_2_7
q53_2_8
q53_2_0
q53_2_9",8305,"q66b_1
q66b_2
q66b_3
q66b_4
q66b_5
q66b_6
q66b_7
q66b_8
q66b_9
q66b_10",4806,"q61b_1
q61b_2
q61b_3
q61b_4
q61b_5
q61b_6
q61b_7
q61b_8
q61b_9
q61b_10",4806,"q47b_1
q47b_2
q47b_3
q47b_4
q47b_5
q47b_6
q47b_7
q47b_8
q47b_9
q47b_10",4806,"q50b_1
q50b_2
q50b_3
q50b_4
q50b_5
q50b_6
q50b_7
q50b_8
q50b_9
q50b_10"
134200,,,10465,"q48.3.1
q48.3.2
q48.3.3
q48.3.4
q48.3.5
q48.3.6
q48.3.7
q48.3.8
q48.3.0
q48.3.9",10465,"q41_3_1
q41_3_2
q41_3_3
q41_3_4
q41_3_5
q41_3_6
q41_3_7
q41_3_8
q41_3_0
q41_3_9",10465,"q53_3_1
q53_3_2
q53_3_3
q53_3_4
q53_3_5
q53_3_6
q53_3_7
q53_3_8
q53_3_0
q53_3_9",8306,"q66c_1
q66c_2
q66c_3
q66c_4
q66c_5
q66c_6
q66c_7
q66c_8
q66c_9
q66c_10",4807,"q61c_1
q61c_2
q61c_3
q61c_4
q61c_5
q61c_6
q61c_7
q61c_8
q61c_9
q61c_10",4807,"q47c_1
q47c_2
q47c_3
q47c_4
q47c_5
q47c_6
q47c_7
q47c_8
q47c_9
q47c_10",4807,"q50c_1
q50c_2
q50c_3
q50c_4
q50c_5
q50c_6
q50c_7
q50c_8
q50c_9
q50c_10"
134300,,,10466,"q48.4.1
q48.4.2
q48.4.3
q48.4.4
q48.4.5
q48.4.6
q48.4.7
q48.4.8
q48.4.0
q48.4.9",10466,"q41_4_1
q41_4_2
q41_4_3
q41_4_4
q41_4_5
q41_4_6
q41_4_7
q41_4_8
q41_4_0
q41_4_9",10466,"q53_4_1
q53_4_2
q53_4_3
q53_4_4
q53_4_5
q53_4_6
q53_4_7
q53_4_8
q53_4_0
q53_4_9",8307,"q66d_1
q66d_2
q66d_3
q66d_4
q66d_5
q66d_6
q66d_7
q66d_8
q66d_9
q66d_10",4808,"q61d_1
q61d_2
q61d_3
q61d_4
q61d_5
q61d_6
q61d_7
q61d_8
q61d_9
q61d_10",4808,"q47d_1
q47d_2
q47d_3
q47d_4
q47d_5
q47d_6
q47d_7
q47d_8
q47d_9
q47d_10",4808,"q50d_1
q50d_2
q50d_3
q50d_4
q50d_5
q50d_6
q50d_7
q50d_8
q50d_9
q50d_10"
134400,,,10467,"q48.5.1
q48.5.2
q48.5.3
q48.5.4
q48.5.5
q48.5.6
q48.5.7
q48.5.8
q48.5.0
q48.5.9",10467,"q41_5_1
q41_5_2
q41_5_3
q41_5_4
q41_5_5
q41_5_6
q41_5_7
q41_5_8
q41_5_0
q41_5_9",10467,"q53_5_1
q53_5_2
q53_5_3
q53_5_4
q53_5_5
q53_5_6
q53_5_7
q53_5_8
q53_5_0
q53_5_9",8308,"q66e_1
q66e_2
q66e_3
q66e_4
q66e_5
q66e_6
q66e_7
q66e_8
q66e_9
q66e_10",4809,"q61e_1
q61e_2
q61e_3
q61e_4
q61e_5
q61e_6
q61e_7
q61e_8
q61e_9
q61e_10",4809,"q47e_1
q47e_2
q47e_3
q47e_4
q47e_5
q47e_6
q47e_7
q47e_8
q47e_9
q47e_10",4809,"q50e_1
q50e_2
q50e_3
q50e_4
q50e_5
q50e_6
q50e_7
q50e_8
q50e_9
q50e_10"
134500,,,10468,"q48.6.1
q48.6.2
q48.6.3
q48.6.4
q48.6.5
q48.6.6
q48.6.7
q48.6.8
q48.6.0
q48.6.9",10468,"q41_6_1
q41_6_2
q41_6_3
q41_6_4
q41_6_5
q41_6_6
q41_6_7
q41_6_8
q41_6_0
q41_6_9",10468,"q53_6_1
q53_6_2
q53_6_3
q53_6_4
q53_6_5
q53_6_6
q53_6_7
q53_6_8
q53_6_0
q53_6_9",8309,"q66f_1
q66f_2
q66f_3
q66f_4
q66f_5
q66f_6
q66f_7
q66f_8
q66f_9
q66f_10",4810,"q61f_1
q61f_2
q61f_3
q61f_4
q61f_5
q61f_6
q61f_7
q61f_8
q61f_9
q61f_10",4810,"q47f_1
q47f_2
q47f_3
q47f_4
q47f_5
q47f_6
q47f_7
q47f_8
q47f_9
q47f_10",4810,"q50f_1
q50f_2
q50f_3
q50f_4
q50f_5
q50f_6
q50f_7
q50f_8
q50f_9
q50f_10"
134600,,,**,,**,**,10469,"q53_7_1
q53_7_2
q53_7_3
q53_7_4
q53_7_5
q53_7_6
q53_7_7
q53_7_8
q53_7_0
q53_7_9",8310,"q66g_1
q66g_2
q66g_3
q66g_4
q66g_5
q66g_6
q66g_7
q66g_8
q66g_9
q66g_10",4811,"q61g_1
q61g_2
q61g_3
q61g_4
q61g_5
q61g_6
q61g_7
q61g_8
q61g_9
q61g_10",4811,"q47g_1
q47g_2
q47g_3
q47g_4
q47g_5
q47g_6
q47g_7
q47g_8
q47g_9
q47g_10",4811,"q50g_1
q50g_2
q50g_3
q50g_4
q50g_5
q50g_6
q50g_7
q50g_8
q50g_9
q50g_10"
134700,,,**,,**,**,10470,"q53_8_1
q53_8_2
q53_8_3
q53_8_4
q53_8_5
q53_8_6
q53_8_7
q53_8_8
q53_8_0
q53_8_9",8311,"q66h_1
q66h_2
q66h_3
q66h_4
q66h_5
q66h_6
q66h_7
q66h_8
q66h_9
q66h_10",4812,"q61h_1
q61h_2
q61h_3
q61h_4
q61h_5
q61h_6
q61h_7
q61h_8
q61h_9
q61h_10",4812,"q47h_1
q47h_2
q47h_3
q47h_4
q47h_5
q47h_6
q47h_7
q47h_8
q47h_9
q47h_10",4812,"q50h_1
q50h_2
q50h_3
q50h_4
q50h_5
q50h_6
q50h_7
q50h_8
q50h_9
q50h_10"
134800,,,**,,**,**,10471,"q53_9_1
q53_9_2
q53_9_3
q53_9_4
q53_9_5
q53_9_6
q53_9_7
q53_9_8
q53_9_0
q53_9_9",8312,"q66i_1
q66i_2
q66i_3
q66i_4
q66i_5
q66i_6
q66i_7
q66i_8
q66i_9
q66i_10",4813,"q61i_1
q61i_2
q61i_3
q61i_4
q61i_5
q61i_6
q61i_7
q61i_8
q61i_9
q61i_10",4813,"q47i_1
q47i_2
q47i_3
q47i_4
q47i_5
q47i_6
q47i_7
q47i_8
q47i_9
q47i_10",4813,"q50i_1
q50i_2
q50i_3
q50i_4
q50i_5
q50i_6
q50i_7
q50i_8
q50i_9
q50i_10"
134900,,,**,,**,**,10472,"q53_10_1
q53_10_2
q53_10_3
q53_10_4
q53_10_5
q53_10_6
q53_10_7
q53_10_8
q53_10_0
q53_10_9",8313,"q66j_1
q66j_2
q66j_3
q66j_4
q66j_5
q66j_6
q66j_7
q66j_8
q66j_9
q66j_10",4814,"q61j_1
q61j_2
q61j_3
q61j_4
q61j_5
q61j_6
q61j_7
q61j_8
q61j_9
q61j_10",4814,"q47j_1
q47j_2
q47j_3
q47j_4
q47j_5
q47j_6
q47j_7
q47j_8
q47j_9
q47j_10",4814,"q50j_1
q50j_2
q50j_3
q50j_4
q50j_5
q50j_6
q50j_7
q50j_8
q50j_9
q50j_10"
135000,,,12605,"q48.8.1
q48.8.2
q48.8.3
q48.8.4
q48.8.5
q48.8.6
q48.8.7
q48.8.8
q48.8.0
q48.8.9",**,**,10473,"q53_11_1
q53_11_2
q53_11_3
q53_11_4
q53_11_5
q53_11_6
q53_11_7
q53_11_8
q53_11_0
q53_11_9",8314,"q66k_1
q66k_2
q66k_3
q66k_4
q66k_5
q66k_6
q66k_7
q66k_8
q66k_9
q66k_10",4815,"q61k_1
q61k_2
q61k_3
q61k_4
q61k_5
q61k_6
q61k_7
q61k_8
q61k_9
q61k_10",4815,"q47k_1
q47k_2
q47k_3
q47k_4
q47k_5
q47k_6
q47k_7
q47k_8
q47k_9
q47k_10",4815,"q50k_1
q50k_2
q50k_3
q50k_4
q50k_5
q50k_6
q50k_7
q50k_8
q50k_9
q50k_10"
135100,,,12606,"q48.9.1
q48.9.2
q48.9.3
q48.9.4
q48.9.5
q48.9.6
q48.9.7
q48.9.8
q48.9.0
q48.9.9",**,**,**,**,**,**,,**,**,**,,
135200,,,**,**,**,**,10474,"q53_12_1
q53_12_2
q53_12_3
q53_12_4
q53_12_5
q53_12_6
q53_12_7
q53_12_8
q53_12_0
q53_12_9",8315,"q66l_1
q66l_2
q66l_3
q66l_4
q66l_5
q66l_6
q66l_7
q66l_8
q66l_9
q66l_10",4816,"q61l_1
q61l_2
q61l_3
q61l_4
q61l_5
q61l_6
q61l_7
q61l_8
q61l_9
q61l_10",4816,"q47l_1
q47l_2
q47l_3
q47l_4
q47l_5
q47l_6
q47l_7
q47l_8
q47l_9
q47l_10",4816,"q50l_1
q50l_2
q50l_3
q50l_4
q50l_5
q50l_6
q50l_7
q50l_8
q50l_9
q50l_10"
135300,,,**,**,**,**,10475,"q53_13_1
q53_13_2
q53_13_3
q53_13_4
q53_13_5
q53_13_6
q53_13_7
q53_13_8
q53_13_0
q53_13_9",8316,"q66m_1
q66m_2
q66m_3
q66m_4
q66m_5
q66m_6
q66m_7
q66m_8
q66m_9
q66m_10",4817,"q61m_1
q61m_2
q61m_3
q61m_4
q61m_5
q61m_6
q61m_7
q61m_8
q61m_9
q61m_10",6350,"q47m_1
q47m_2
q47m_3
q47m_4
q47m_5
q47m_6
q47m_7
q47m_8
q47m_9
q47m_10",4817,"q50m_1
q50m_2
q50m_3
q50m_4
q50m_5
q50m_6
q50m_7
q50m_8
q50m_9
q50m_10"
135400,,,**,**,**,**,10476,"q53_14_1
q53_14_2
q53_14_3
q53_14_4
q53_14_5
q53_14_6
q53_14_7
q53_14_8
q53_14_0
q53_14_9",8317,"q66n_1
q66n_2
q66n_3
q66n_4
q66n_5
q66n_6
q66n_7
q66n_8
q66n_9
q66n_10",4818,"q61n_1
q61n_2
q61n_3
q61n_4
q61n_5
q61n_6
q61n_7
q61n_8
q61n_9
q61n_10",4818,"q47n_1
q47n_2
q47n_3
q47n_4
q47n_5
q47n_6
q47n_7
q47n_8
q47n_9
q47n_10",4818,"q50n_1
q50n_2
q50n_3
q50n_4
q50n_5
q50n_6
q50n_7
q50n_8
q50n_9
q50n_10"
135500,,,10477,"q48.7.1
q48.7.2
q48.7.3
q48.7.4
q48.7.5
q48.7.6
q48.7.7
q48.7.8
q48.7.0
q48.7.9",10477,"q41_7_1
q41_7_2
q41_7_3
q41_7_4
q41_7_5
q41_7_6
q41_7_7
q41_7_8
q41_7_0
q41_7_9",10477,"q53_15_1
q53_15_2
q53_15_3
q53_15_4
q53_15_5
q53_15_6
q53_15_7
q53_15_8
q53_15_0
q53_15_9",9324,"q66o_1
q66o_2
q66o_3
q66o_4
q66o_5
q66o_6
q66o_7
q66o_8
q66o_9
q66o_10",,**,**,**,**,**
135600,,,**,**,**,**,10478,"q53_16_1
q53_16_2
q53_16_3
q53_16_4
q53_16_5
q53_16_6
q53_16_7
q53_16_8
q53_16_0
q53_16_9",9325,"q66p_1
q66p_2
q66p_3
q66p_4
q66p_5
q66p_6
q66p_7
q66p_8
q66p_9
q66p_10",,**,**,**,**,**
BLOCO 9 – GESTÃO DE PESSOAS,,,,,,,,,,,,,,,,
135700,,,12609,"q49.1
q49.2
q49.3
q49.4
q49.5
q49.6
q49.7
q49.8
q49.9
q49.10
q49.11
q49.12
q49.0
q49.99",**,**,**,**,**,**,,**,**,**,**,**
135800,,,12610,q49.qual,**,**,**,**,**,**,,**,**,**,**,**
135900,,,12611,q50,**,**,**,**,**,**,,**,**,**,**,**
136000,,,12612,q50.quantos,**,**,**,**,**,**,,**,**,**,**,**
136100,,,10480,q51,10480,q42,10480,q54,8318,q67,4935,q62,,,,
